1,https://www.tiktok.com/@fabri.merchan/video/7638998682322423058
2,https://www.tiktok.com/@ari_torrees/video/7644185369717558536
2,https://www.tiktok.com/@velcheva.vibe/video/7646044539173604641
3,https://www.tiktok.com/@angienavarrete01/video/7643006780825423125
4,https://www.tiktok.com/@chiaaarita/video/7647268578810563863
5,https://www.tiktok.com/@lari.learnspanish/video/7668428681102118158
6,https://www.tiktok.com/@jul.spamz.fr/video/7608248907960814879
7,https://www.tiktok.com/@itsgivingmother/video/7663570718331768084
8,https://www.tiktok.com/@swegballrun/video/7667923526963285268
9,https://www.tiktok.com/@movie.ll2/video/7661235019276438814
10,https://www.tiktok.com/@_saray546/video/7665079479621979405
11,https://www.tiktok.com/@notacreator320/video/7654153943370747167
12,https://www.tiktok.com/@marco_t1d/video/7654892085459422496
13,https://www.tiktok.com/@__cristiangiglio__/video/7660130069767048481
14,https://www.tiktok.com/@roseisemovie814/video/7644916417376046350
15,https://www.tiktok.com/@breakawayclipz/video/7661420332556799240
16,https://www.tiktok.com/@troll.face0070/video/7659446674078715166
17,https://www.tiktok.com/@user5700067008285/video/7672038380556930324
18,https://www.tiktok.com/@katilife/video/7668331426902838535
19,https://www.tiktok.com/@miragetechhub/video/7660190226823777568
20,https://www.tiktok.com/@euigormendes01/video/7670213480837844245
21,https://www.tiktok.com/@wrldst4rr.haydenn/video/7621991999251467550
22,https://www.tiktok.com/@anatoly6708/video/7659973014582250782
23,https://www.tiktok.com/@rosalem_escobar_gonzalez/video/7634264467034983701
24,https://www.tiktok.com/@andresgalloso/video/7661055704060546325
25,https://www.tiktok.com/@gimena.guaman/video/7674745143550921991
26,https://www.tiktok.com/@paella_minidrama/video/7651638632264060191
27,https://www.tiktok.com/@devoro56/video/7665183020780948758
28,https://www.tiktok.com/@breakawayclipz/video/7656964752668773653
29,https://www.tiktok.com/@ex_rabort/video/7661119088281849110
30,https://www.tiktok.com/@zackdfilms92/video/7663481519381466381
31,https://www.tiktok.com/@reelmood08/video/7659374133255343390
32,https://www.tiktok.com/@frederik.hetherma/video/7659673805584977183
33,https://www.tiktok.com/@zing1t2/video/7659028243378343201
34,https://www.tiktok.com/@poongcrew/video/7663466349292702997
35,https://www.tiktok.com/@nmasunivision/video/7678667102298852622
36,https://www.tiktok.com/@roixs_shorts/video/7653629875034639648
37,https://www.tiktok.com/@lascatalan/video/7667377502024764692
38,https://www.tiktok.com/@movie.s.prime/video/7667667684263283999
39,https://www.tiktok.com/@aidramachaos/video/7665385408246582542
40,https://www.tiktok.com/@breakawayclipz/video/7670064551995460884
41,https://www.tiktok.com/@cari_jajan_yuk/video/7664046844942568722
42,https://www.tiktok.com/@videouk1/video/7665409196678073631
43,https://www.tiktok.com/@kb.movie5/video/7662047245923044638
44,https://www.tiktok.com/@sarai.acost4/video/7667687870798236942
45,https://www.tiktok.com/@user6076537953000/video/7662648422683397406
46,https://www.tiktok.com/@naiman.256/video/7662139435173039391
47,https://www.tiktok.com/@robosalonamerica1/video/7667272346511609110
48,https://www.tiktok.com/@bngarcia21/video/7653129106120330509
49,https://www.tiktok.com/@legendaryshots/video/7669789707152149791
50,https://www.tiktok.com/@onlyasmr26/video/7664311140532407565
51,https://www.tiktok.com/@iainl0v3r_bckup/video/7665092031240228109
52,https://www.tiktok.com/@amhak2018/video/7664978105265638670
53,https://www.tiktok.com/@josselin.silvero/video/7663906598099701013
54,https://www.tiktok.com/@kaleemarmwrestler/video/7664101604953509153
55,https://www.tiktok.com/@funny.usa.67/video/7666400301288541470
56,https://www.tiktok.com/@perdidas_forever/video/7666587197075655950
57,https://www.tiktok.com/@usaairforce10/video/7664060661785201933
58,https://www.tiktok.com/@violeedelfinna15/video/7648048123780091157
59,https://www.tiktok.com/@fanctos/video/7668365589810892052
60,https://www.tiktok.com/@byfootballclips/video/7673584910464044310
61,https://www.tiktok.com/@memory.1894/video/7669744254490578184
62,https://www.tiktok.com/@ricebrain00/video/7669043084511988999
63,https://www.tiktok.com/@manu.frutinovelas/video/7683089638432574742
64,https://www.tiktok.com/@story.cat.nero/video/7667382240174787862
65,https://www.tiktok.com/@_oibaf2/video/7679244714188623126
66,https://www.tiktok.com/@history.terror8/video/7667418563405253902
67,https://www.tiktok.com/@creationsross/video/7681077416399326495
68,https://www.tiktok.com/@cleanhouse024/video/7685035319527361825
69,https://www.tiktok.com/@alvaro3xd/video/7683604006593137953
70,https://www.tiktok.com/@mikefrmflawdaa/video/7686885751111355678
71,https://www.tiktok.com/@franzeisaddicted/video/7669017407570103584
72,https://www.tiktok.com/@aleau64/video/7675299658029075742
73,https://www.tiktok.com/@funistan77/video/7669281087155129622
74,https://www.tiktok.com/@mrr8bit/video/7676924288058035479
75,https://www.tiktok.com/@abelitotumbado/video/7673753401653579028
76,https://www.tiktok.com/@polins___angels/video/7677561285155884309
77,https://www.tiktok.com/@larosadeguadalupe.of/video/7680326853223042320
78,https://www.tiktok.com/@malerart/video/7669074935217769760
79,https://www.tiktok.com/@jygvxzcflk/video/7686224615055658261
80,https://www.tiktok.com/@aaronyeraa/video/7677363225763007764
81,https://www.tiktok.com/@azagawong/video/7689952283387235605
82,https://www.tiktok.com/@dulcesecreto.tv/video/7677662991839497485
83,https://www.tiktok.com/@world_mikee/video/7679208025483169042
84,https://www.tiktok.com/@gzedits39/video/7679098641763650838
85,https://www.tiktok.com/@frutinoveladrama9/video/7689496424051952910
86,https://www.tiktok.com/@frutiemociones/video/7683601821281176864
87,https://www.tiktok.com/@funnynigeria79gma/video/7672635885921357086
88,https://www.tiktok.com/@angelapreciado62/video/7688830936552688917
89,https://www.tiktok.com/@onlyasmr26/video/7684703857913416974
90,https://www.tiktok.com/@carlosferiag/video/7679586892794367253
91,https://www.tiktok.com/@sargedgarhernandorueda/video/7686361873150692628
92,https://www.tiktok.com/@rayitoi/video/7686753806666829078
93,https://www.tiktok.com/@dragonblue113/video/7683534909029240071
94,https://www.tiktok.com/@willianpaivap/video/7679557657883168020
95,https://www.tiktok.com/@maycollrd/video/7680336910300024085
